Yamile, 115
Jasmyn, 39
Ulysses, 72
Cydney, 20
Josef, 52
Eliseo, 47
Skie, 6
Ivone, 8
Noel, 278
Zamantha, 8
Rakiya, 6
Pranav, 32
Shraga, 7
Jaylen, 472
Samantha, 13059
Kristen, 355
Avante, 8
Johnathan, 859
Malena, 7
Danika, 29
Marlee, 5
Leanna, 72
Keely, 39
Demarcus, 33
Jayden, 245
David, 11378
Kaiulani, 5
Allyson, 311
Dayvon, 7
Richard, 2099
Cale, 22
Alfredo, 642
Catlyn, 11
Alexza, 6
Madelynn, 38
Koraima, 6
Gia, 35
Rani, 6
Carlin, 7
Kiona, 7
Dylon, 35
Ayleen, 60
Notnamed, 217
Viridiana, 34
Yanelli, 10
Magali, 29
Shant, 16
Shimon, 67
Manjot, 5
Ronaldo, 86
Keiona, 6
Yatzari, 32
Akili, 5
Maurisio, 6
Shamaria, 5
Shane, 1382
Braxton, 206
Banesa, 5
Esli, 11
Kayla, 9514
Komal, 10
Jahmel, 9
Uriel, 285
Kenny, 117
Osvaldo, 245
Tia, 50
Chany, 16
Deysi, 17
Darrius, 25
Danaya, 7
Connor, 3450
Rudy, 224
Tionna, 13
Neftali, 17
Edgerrin, 5
Gianna, 844
Jaquelyn, 70
Luna, 42
Shian, 5
Kiarra, 58
Ruvim, 9
Syed, 111
Tevon, 13
Jaci, 31
Nzinga, 5
Corinne, 55
Elisa, 108
Niurka, 5
Anapatricia, 7
Tyriq, 17
Aimee, 16
Peri, 11
Brucha, 14
Jamel, 49
Salvador, 404
Cristian, 1367
Kolten, 18
Meriah, 8
Gerson, 29
Alison, 128
Taina, 21
Meara, 6
Soumya, 5
Jansen, 11
Eluzer, 5
Diamond, 983
Lexie, 116
Julisa, 65
Alayna, 105
Aurianna, 8
Lucero, 44
Katlynn, 19
Nakiya, 5
Tylee, 7
Cole, 2161
Rhiannon, 122
Simon, 363
Millenia, 6
Kentaro, 5
Shamir, 11
Kaytlynn, 11
Donya, 10
Willie, 56
Mirna, 10
Aviance, 6
Maite, 32
Shannon, 341
Devonte, 140
Jennipher, 6
Carter, 288
Alexyss, 7
Homero, 36
Taja, 9
Najee, 11
Marquan, 19
Maricruz, 32
Alaina, 9
Landry, 74
Jorgeluis, 9
Eve, 67
Ajanae, 8
Keshon, 34
Tyrique, 45
Lesley, 336
Davante, 6
Desmon, 8
Keturah, 15
Mckenzy, 5
Kahealani, 8
Devin, 3228
Yatzary, 5
Malik, 1257
Andreanna, 5
Niklas, 16
Camila, 79
Tomas, 242
Chynna, 14
Jack, 3730
Jade, 993
Kamuela, 9
Jacelyn, 8
Madisen, 94
Karley, 17
Jahvon, 9
Landrie, 5
Garrison, 20
Rolando, 271
Rayvon, 5
Chantal, 57
Lisbet, 22
Allie, 64
Araseli, 8
Rocio, 123
Keara, 27
Gautam, 8
Riana, 31
Macey, 76
Yoselin, 44
Ingrid, 43
Jashua, 10
Jasia, 5
Ansley, 174
Marcos, 409
Mamadou, 22
Donte, 53
Donald, 20
Gildardo, 13
Amunet, 5
Jessyca, 8
Mckinzie, 9
Xitlalli, 13
Yamila, 7
Neha, 77
Drevon, 8
Alma, 280
Aldahir, 5
Haven, 36
Haden, 20
Jake, 1535
Elizabeth, 7254
Aubrey, 90
Ivana, 100
Brinley, 30
Kolbe, 9
Ryan, 12942
Sevag, 5
Maryfer, 6
Julianna, 411
Catalina, 67
Oracio, 6
Naomi, 696
Tressa, 8
Ansleigh, 16
Xue, 5
Ayssa, 6
Zoe, 1239
Sanchez, 10
Princess, 42
Jamira, 6
Neida, 20
Shyasia, 6
Mahima, 21
Sheila, 45
Lorelei, 11
Kyron, 17
Julius, 42
Yoana, 17
Charity, 101
Ilana, 26
Cassandra, 1012
Alysa, 89
Kamalani, 7
Averi, 16
Franky, 30
Alec, 1205
Keilani, 18
Callie, 93
Kolton, 49
Cade, 634
Abrianna, 8
Yareli, 90
Konrad, 20
Jovanny, 52
Veronica, 671
Senaida, 7
Heather, 376
Laakea, 7
Myesha, 9
Aryana, 19
Josiah, 708
Coleman, 47
Jovany, 51
Alisandra, 5
Quintin, 26
Gaven, 19
Yennifer, 5
Jenny, 296
Yisroel, 94
Estefan, 5
Nadya, 22
Tania, 148
Shivam, 23
Shmuel, 62
Jovanni, 11
Jaden, 947
Rica, 6
Dharma, 10
Maryjane, 23
Esthefany, 6
Jacklin, 6
Donta, 6
Jadin, 9
Carmen, 406
Miranda, 1007
Essence, 104
Shamaya, 6
Priscila, 47
Fraida, 5
Arica, 7
Alante, 7
Kentavius, 9
Rony, 14
Maggie, 113
Aliyah, 334
Susanna, 5
Sophie, 778
Brian, 4220
Erika, 1166
Jailine, 38
Chelan, 5
Asha, 18
Rodrigo, 404
Noe, 297
Precious, 100
Korbin, 29
Natasha, 43
Messiah, 32
Jaylah, 7
Drake, 401
Adina, 22
Kinsey, 10
Karaline, 5
Luisgustavo, 6
Lashea, 7
Valdemar, 7
Gabrielle, 3614
Orlando, 136
Randy, 293
Gavriel, 18
Vikram, 20
Cameren, 10
Parker, 867
Dylen, 5
Keeshawn, 8
Deandrea, 6
Jerardo, 15
Brenda, 945
Britney, 1439
Amyia, 5
Alejandro, 2988
Rohit, 31
Destiny, 7331
Celina, 18
Juan, 4897
Kearra, 21
Casey, 411
Riley, 1352
Nikita, 15
Adolfo, 214
Reginald, 58
Alyssia, 26
Nathaniel, 3253
Syann, 5
Saloma, 5
Idalia, 15
Keoni, 21
Tiarah, 8
Zachary, 15169
James, 9001
Rance, 12
Courtney, 2035
Peter, 664
Coy, 23
Meghana, 8
Layla, 84
Nicklas, 6
Maribel, 78
Tess, 60
Ulises, 180
Briann, 6
Israel, 705
Mixtli, 5
Areeba, 5
Clarissa, 7
Izaak, 12
Kaylea, 22
Ritik, 5
Abner, 41
Davis, 48
Kelsee, 7
Ritika, 8
Alora, 24
Suleyma, 6
Fizza, 5
Chance, 495
Viviana, 337
Tatiyana, 39
Steve, 213
Nicholas, 19275
Tyheem, 7
Cristoval, 11
Breeana, 36
Nestor, 143
Carli, 48
Juancarlos, 52
Nina, 158
Caesar, 18
Melissa, 1131
Roxanne, 48
Kiora, 5
Lidia, 40
Thalia, 14
Kjerstin, 5
Shaelyn, 25
Gesselle, 6
Stone, 13
Asif, 7
Ciana, 9
Harsimran, 6
Astrid, 36
Giorgio, 10
Hector, 864
Anamaria, 26
Jordan, 8256
Dakari, 5
Alliah, 6
Mariaelena, 22
Joseline, 59
Shaela, 5
Antwan, 6
Tomer, 10
Amado, 5
Ajane, 5
Daron, 11
Dante, 696
Jacquez, 41
Bracha, 25
Alessandra, 97
Tabitha, 108
Constantino, 8
Marquisha, 11
Marisela, 48
Kela, 7
Mateo, 208
Nathaly, 18
Golda, 18
Octavio, 150
Zebulun, 5
Sierria, 6
Claudio, 23
Derricka, 5
Kiarah, 17
Chancellor, 16
Ania, 12
Lizel, 5
Nechama, 63
Vivica, 22
Gizelle, 43
Verania, 73
Analaura, 6
Kimberly, 2625
Shyanne, 85
Kayle, 6
Aliza, 29
Davontae, 9
Clara, 29
Jaquavius, 15
Tianna, 182
Zakary, 28
Lukasz, 10
Jovon, 9
Mirian, 33
Mariano, 38
Quintavious, 27
Britlyn, 5
Cailyn, 23
Reese, 34
Kaveh, 6
Xander, 13
Damien, 221
Kadarius, 21
Justin, 10363
Sierra, 3003
Keala, 8
Michayla, 28
Robert, 3319
Siena, 58
Tucker, 117
Lauro, 19
Anyssa, 53
Keaton, 111
Deondre, 32
Kali, 32
Rafal, 6
Mike, 54
Nahomi, 10
Shakim, 10
Katarina, 107
Ahmad, 89
Shruthi, 8
Franklin, 10
Kianna, 121
Linda, 105
Abraham, 780
Jaren, 40
Alexsis, 7
Tiera, 11
Arianna, 1147
Sofia, 1209
Skye, 66
Salomon, 17
Netanya, 5
Lizette, 225
Margarita, 13
Kenya, 148
Dontavius, 6
Joel, 1484
Shakayla, 19
Otoniel, 19
Salma, 87
Elana, 20
Galilea, 87
Jorell, 5
Annaclaire, 6
Iain, 8
Tyasia, 17
Junior, 15
Joeangel, 17
Tamar, 17
Nakoa, 8
Dangelo, 65
Daija, 49
Nahun, 5
Odalys, 127
Chukwudi, 5
Samson, 50
Delanie, 26
Mickaela, 5
Karo, 6
Makayla, 1998
Austen, 8
Malique, 19
Jakub, 12
Elaina, 119
Sonia, 242
Imagine, 5
Natali, 61
Linsey, 5
Oswaldo, 59
Alfonso, 170
Chika, 5
Malia, 187
Kathryn, 836
Dreshawn, 5
Fidencio, 13
Brandy, 100
Ellie, 95
Lizeth, 226
Alika, 13
Ivy, 13
Madyson, 89
Jett, 35
Kenia, 59
Keontae, 15
Christianna, 17
Angela, 1540
Marlen, 28
Neda, 7
Shaindel, 10
Tierney, 13
Pricilla, 41
Kaylan, 6
Tristan, 1209
Vincente, 5
Simcha, 17
Brielle, 63
Molly, 604
Wyland, 6
Nika, 11
Ray, 77
Porter, 43
Vanesa, 41
Mason, 3962
Jaquelinne, 9
Kiah, 11
Celeste, 600
Janessa, 118
Amaya, 944
Breasia, 10
Xavior, 8
Naftoli, 10
Luisangel, 19
Mirka, 9
Tajanae, 13
Griffin, 218
Jelani, 33
Bryson, 407
Moises, 571
Mister, 7
Dominic, 1517
Tori, 279
Kegan, 13
Slater, 8
Elysse, 5
Bria, 8
Nataly, 170
Moriah, 9
Katiana, 17
Mert, 7
Ashkan, 5
Sterling, 59
Shelbi, 19
Deisy, 30
Esperanza, 124
Lourdes, 37
Tejas, 7
Amanda, 4737
Sebastian, 3641
Esau, 26
Kadasia, 5
Hayden, 1040
Shianna, 7
Britnee, 7
Kendra, 346
Yaileen, 7
Tedrick, 7
Esmeralda, 714
Tahirah, 5
Mallory, 288
Paolina, 6
Kyndal, 23
Stefania, 8
Kaylene, 20
Emilio, 128
Guillermo, 380
Romeo, 99
Veda, 11
Janely, 11
Cassie, 108
Lesli, 50
Juliana, 701
Ysabel, 17
Haili, 6
Colby, 305
Yvette, 236
Aneliz, 5
Colin, 1078
Yocheved, 21
Triston, 12
Mirella, 17
Minh, 8
Zissy, 17
Dulce, 136
Tanner, 1726
Alexandra, 5016
Jalexis, 6
Meir, 32
Nathanial, 27
Assata, 8
Dashawn, 67
Duncan, 100
Arely, 142
Camden, 53
Male, 23
Lacie, 27
Joana, 85
Tylar, 11
Ariana, 1249
Keng, 7
Saul, 374
Shefali, 6
Santiago, 369
Mckade, 8
Shealyn, 6
Sally, 34
Rodney, 73
Makani, 5
Gisel, 30
Kamryn, 285
Elisabeth, 98
Geselle, 8
Carlene, 7
Kaylen, 18
Iqra, 11
Nancy, 637
Rogelio, 160
Savanah, 34
Ava, 321
Kareema, 6
Serina, 69
Reece, 140
Zaria, 281
Donia, 8
Iran, 7
Mina, 30
Deasia, 82
Laisa, 18
George, 211
Usama, 5
Mckayla, 94
Lexy, 8
Kassandra, 667
Reyn, 6
Yash, 14
Eliana, 60
Joey, 118
Hailie, 32
Zev, 20
Shelby, 1726
Amir, 190
Payne, 26
Milca, 9
Lucy, 23
Kassidy, 255
Ysenia, 10
Shae, 7
Diondre, 14
Baby, 181
Siara, 9
Gavin, 1785
Jylan, 5
Caitlyn, 1247
Infant, 417
Kaimana, 18
Rosalba, 15
Melanie, 1334
Nainoa, 22
Jori, 8
Vania, 13
Armon, 14
Ladarious, 5
Pilar, 41
Dmarco, 7
Cyanne, 5
Kaipo, 6
Mara, 24
Ma, 6
Munira, 9
Rafael, 728
Jahmal, 6
Nyah, 75
Heber, 12
Sergey, 7
Kewon, 6
Stetson, 17
Zanib, 5
Macie, 101
Elexis, 22
Jasmin, 357
Jeric, 9
Swetha, 5
Takyra, 9
Maile, 8
Karolina, 41
Trey, 312
Treyson, 6
Yisrael, 10
Lantz, 5
Anuhea, 10
Ashleigh, 159
Isreal, 17
Adrian, 3652
Kagan, 8
Yailyn, 6
Elena, 441
Kiani, 29
Giuseppe, 34
Ayana, 93
Benuel, 14
Jakeem, 6
Maura, 62
Sholom, 13
Nikki, 85
Mariam, 63
Annabel, 28
Akayla, 7
Analise, 11
Jonathon, 303
Basma, 5
Liliana, 535
Dhara, 5
Vianca, 27
Christine, 440
Jamila, 16
Kirsten, 113
Jamiel, 6
Kaylee, 1160
Ivonne, 78
Fiona, 231
Erin, 881
Axel, 362
Emeli, 10
Charisma, 62
Betania, 13
Ashton, 157
Areli, 24
Joscelyn, 12
Moncerrat, 10
Anayely, 6
Tierra, 14
Daelon, 5
Carina, 232
Keyanna, 18
Kayden, 50
Abigayle, 41
Xavier, 1708
Herson, 10
Tyrick, 6
Jennae, 5
Daisha, 9
Kaylah, 32
Eli, 256
Jovana, 11
Lexis, 12
Cisco, 15
Teanna, 14
Kevin, 7446
Semaje, 5
Gisela, 18
Gwyneth, 26
Citlalli, 175
Haley, 6665
Dilan, 5
Eliezer, 48
Dru, 14
Shianne, 31
Leah, 1031
Anastazia, 5
Thais, 25
Darian, 182
Bg, 17
Herlinda, 7
Shannel, 6
Phoebe, 197
Jessie, 135
Raylee, 13
Iyari, 5
Sanjana, 15
Ian, 2424
Yamilet, 115
Jesslyn, 7
Mordechai, 81
Pricila, 40
Ignacio, 113
Kilee, 6
Madalyn, 72
Yasmine, 242
Marciano, 7
Estefanie, 11
Raekwon, 45
Nayely, 57
Maisie, 6
Grace, 5621
Annika, 196
Tahmir, 8
Isacc, 44
Vicente, 113
Athanasia, 5
Maximilian, 140
Jania, 8
Desirae, 136
Liset, 12
Dymir, 6
Darren, 125
Casandra, 53
Sabrina, 1541
Ivanna, 42
Arath, 24
Triana, 10
Aubree, 33
Sana, 20
Myranda, 28
Markus, 12
Kaylynn, 20
Cobe, 5
Javier, 1516
Kenadee, 13
Arman, 39
Nikolas, 103
Kody, 118
Carisma, 11
Michal, 29
Abbi, 8
Isabelle, 1080
Ciena, 9
Raj, 18
Ariella, 30
Caine, 6
Brissa, 87
Treyon, 7
Deandra, 24
Ariadne, 12
Bergen, 5
Claire, 1581
Brandon, 15035
Dejan, 5
Lauren, 8950
Cienna, 22
Aron, 83
Iman, 6
Tyreese, 28
Arriana, 25
Kelsi, 31
Solomon, 115
Madysen, 15
Zakee, 8
Keyon, 13
Cora, 11
Joceline, 36
Dejah, 90
Eleni, 25
Stephany, 105
Kioni, 5
Tara, 84
Israa, 6
Sole, 10
Tyson, 130
Inna, 11
Faustino, 16
Jocelin, 30
Fionna, 6
Khayla, 6
Tristian, 41
Nelson, 195
Sariah, 21
Nakya, 7
Luz, 231
Kainalu, 16
Stormy, 30
Yaneli, 11
Daishawn, 7
Julissa, 505
Malcolm, 134
Brooke, 2015
Koby, 100
Terrell, 19
Javante, 5
Lydia, 471
Alize, 116
Trent, 451
Harout, 9
Samone, 5
Natan, 12
Diavian, 17
Shaheem, 16
Kristan, 13
Karly, 31
Naiyah, 5
Leilani, 220
Ajay, 6
Andru, 14
Kade, 142
Alberto, 856
Deonte, 41
Giancarlo, 18
Tyshae, 6
Dayon, 7
Desi, 7
Jonah, 443
Roizy, 5
Charizma, 6
Symone, 16
Avrohom, 39
Genaro, 102
Jawon, 15
Carrington, 38
Mirel, 6
Omid, 9
Joseph, 13461
Carleigh, 16
Kaydee, 7
Anjelica, 20
Kalyn, 22
Carley, 72
Dominique, 443
Nadja, 10
Helaman, 6
Bruchy, 12
Sabina, 20
Shmiel, 19
Yovani, 15
Marisleysis, 13
Isaak, 59
Jaycee, 59
Gittel, 17
Arlette, 51
Avery, 409
Chayla, 5
Christina, 1548
Sadie, 244
Coby, 60
Yoselyn, 11
Dezirae, 15
Lahela, 6
Cody, 2980
Danajah, 5
Daylon, 30
Zackary, 395
Kayli, 48
Tatyana, 206
Gaelle, 8
Logan, 5144
Kaylin, 117
Cristal, 263
Yosef, 98
Valeria, 575
Johan, 68
Juliette, 85
Darion, 26
Brennen, 27
Riva, 6
Melony, 12
Anallely, 7
Jaquarious, 6
Aysha, 24
Yana, 6
Sydnie, 68
Jakerria, 11
Bashar, 7
Alexsia, 6
Caleb, 5569
Jareth, 5
Jackeline, 180
Thai, 16
Adamary, 8
Michala, 8
Shyann, 60
John, 6985
Santana, 26
Catherine, 340
Aliya, 23
Jacquelyn, 261
Hajar, 7
Marshal, 14
Cuauhtemoc, 22
Abbigayle, 7
Manon, 8
Hasmik, 5
Christo, 5
Eric, 5245
Darius, 524
Manuel, 1506
Anaya, 14
Destanie, 17
Antwuan, 6
Joia, 5
Dontre, 5
Zaykeese, 5
Kalista, 20
Jaquan, 167
Lia, 18
Cullen, 38
Margeaux, 6
Dillan, 8
Ernesto, 503
Shealynn, 5
Jacee, 19
Maleek, 15
Elexus, 15
Gracie, 155
Tykeria, 10
Carolina, 686
Tatum, 108
Leonel, 234
Quantavius, 5
Shacoria, 5
Mariafernanda, 7
Jay, 97
Alcides, 7
Raquel, 350
Mohammed, 152
Lizett, 19
Jacie, 22
Tyron, 23
Karissa, 163
Raudel, 10
Sari, 5
Layton, 17
Rashad, 13
Arish, 5
Kaci, 43
Jamia, 39
Cesilia, 9
Bryce, 2041
Dimitri, 42
Ja, 6
Koral, 5
Gonzalo, 142
Avonte, 7
Dale, 5
Esther, 273
Gabriel, 5235
Jordi, 17
Katerina, 29
Maximillion, 9
Vincenzo, 48
Jarrod, 60
Bethanie, 6
Lisette, 63
Sarkis, 18
Latavia, 59
Jaida, 24
Alizae, 12
Regina, 66
Ishmel, 5
Gladis, 14
Zaire, 97
Maranda, 27
Deep, 7
Adi, 11
Moses, 133
Paul, 126
Idania, 17
Dane, 68
Mame, 8
Monserratt, 7
Abril, 152
Mitsy, 7
Gloria, 196
Damen, 7
Mariely, 9
Allissa, 29
Anisha, 7
Shaya, 11
Chaim, 147
Natalia, 787
Davion, 136
Pascual, 7
Yasamin, 5
Emily, 19943
Kylea, 6
Kara, 248
Kamron, 27
Jorge, 2585
Chyna, 276
Spencer, 2332
Jakeb, 8
Marck, 7
Brisa, 161
Dorien, 28
Krystal, 314
Jillianne, 5
Leticia, 186
Jaiquan, 13
Maxwell, 1415
Sayra, 45
Karisa, 9
Mckinley, 20
Jhovany, 6
Jazlyn, 49
Antavious, 10
Karla, 550
Keagan, 8
Jackson, 2366
Lily, 800
Nalleli, 10
Jamie, 438
Marisa, 450
Blima, 15
Diamonique, 9
Melina, 154
Esty, 7
Dusty, 24
Gabriela, 1837
Dyamond, 16
Kelton, 19
Monserrat, 137
Clayton, 1035
Tanna, 8
Cheyanne, 184
Kaylamarie, 9
Yuki, 11
Breaunna, 6
Rene, 370
Trevion, 34
Sagal, 7
Taveon, 5
Bethany, 525
Karsen, 13
Mackenna, 19
Tanaya, 8
Giselle, 1042
Talia, 99
Sela, 5
Krisna, 5
Brooklynn, 16
Mohamad, 29
Joe, 368
Yulisa, 6
Tenzin, 9
Yuepheng, 6
Westin, 17
Stefano, 5
Lance, 200
Kile, 6
Samuel, 7087
Hadia, 6
Nikole, 11
Tylor, 41
Skyla, 29
Katera, 7
Matthew, 20904
Maximiliano, 98
Alonzo, 55
Sade, 13
Micah, 461
Arabia, 7
Sahar, 21
Alexxis, 8
Toniann, 15
Estephanie, 15
Adenike, 6
Jovani, 68
Kailyn, 13
Regan, 104
Mohan, 8
Geovanni, 7
Belem, 7
Alena, 53
Gregorio, 41
Isael, 8
Tristin, 83
Isabell, 23
Lane, 207
Kentavious, 21
Jayda, 118
Sabryna, 15
Keasia, 7
Shaine, 5
Savana, 69
Chase, 2488
Nicolette, 220
Kaylina, 6
Adamaris, 20
Chelsie, 6
Kassidi, 5
Jarren, 12
Keirsten, 8
Kansas, 5
Martha, 107
Asael, 6
Deyanira, 16
Frankie, 57
Chassity, 17
Markanthony, 35
Jolie, 51
Lexus, 38
Galdino, 5
Indya, 7
Gerardo, 1126
Verenice, 28
Basheer, 5
Jadyn, 32
Annaly, 5
Sage, 21
Odalis, 103
Aviv, 10
Kortez, 6
Paola, 513
Brandyn, 10
Alicia, 882
Maleik, 5
Hernan, 71
Shamya, 19
Star, 52
Ravin, 5
Babygirl, 8
Teresa, 113
Sevanna, 5
Franciscojavier, 6
Hayleigh, 20
Kerrigan, 9
Taylar, 7
Briana, 1945
Josejuan, 5
Kelsie, 75
Krista, 87
Gissele, 17
Menachem, 85
Dajia, 6
Alainna, 6
Mahealani, 7
Ciera, 107
Jakeline, 12
Markayla, 9
Laney, 43
Kobie, 11
Tatianna, 49
Linnea, 32
Azucena, 14
Sean, 3169
Vincent, 847
Payton, 424
Daijah, 26
Tarique, 5
Brallan, 7
Chana, 131
Sabreena, 5
Jacy, 25
Milagros, 18
Susana, 134
Masai, 6
Lord, 5
Dayana, 133
Kyra, 494
Terell, 13
Citlali, 66
Annie, 136
Nickolas, 375
Ali, 53
Jesica, 10
Ricardo, 1794
Love, 7
Laisha, 54
Anika, 76
Elisia, 9
Jesse, 1527
Jonas, 118
Ericka, 104
Aracely, 64
Bronson, 17
Raevyn, 8
Ammon, 49
Joycelyn, 10
Wesley, 231
Christa, 29
Gisselle, 613
Skylar, 1055
Maddison, 87
Garett, 46
Deundre, 6
Kalob, 24
Laura, 507
Lexey, 5
Geovanny, 30
Sheyla, 42
Kyndall, 25
Adriana, 1340
Rashaud, 5
Mariali, 6
Athena, 40
Luisa, 58
Zulema, 27
Arly, 33
Shayne, 45
Stefani, 23
Jannelle, 5
Marianna, 45
Marycarmen, 7
Sawyer, 50
Daniela, 1683
Graham, 41
Melisa, 82
Priscilla, 698
Jerico, 6
Jayvon, 11
Nikolaus, 11
Nicolas, 1744
Marivel, 11
Ilya, 5
Erick, 1095
Azia, 10
Reynaldo, 76
Briahna, 9
Monica, 859
Rhea, 29
Guadalupe, 762
Kierra, 129
Emiliano, 73
Andres, 1340
Breonna, 14
Skyler, 490
Francesca, 329
Jackelin, 19
Darby, 22
Angelisa, 7
Raina, 32
Marielis, 8
Samer, 16
Fahim, 5
Humza, 11
Raquan, 17
Jaquil, 5
Xochilt, 25
Alek, 44
Giovanni, 1232
Adan, 265
Manasi, 5
Kiyanna, 6
Jerron, 6
Juliann, 38
Quindarius, 8
Megha, 10
Magdalena, 47
Neeka, 5
Shailee, 5
Sanjuana, 7
Jason, 5900
Mariah, 2379
Max, 595
Jaxon, 122
Travis, 499
Analissa, 6
Noelia, 133
Edon, 5
Tristen, 174
Raul, 1011
Janelle, 133
Stefan, 77
Rosa, 452
Jema, 5
Dymon, 5
Amber, 2397
Hieu, 7
Travonte, 6
Camron, 54
Fredi, 7
Xiana, 16
Ileen, 9
Nyasia, 46
Ivet, 6
Devon, 1534
Tyrese, 318
Georgia, 31
Quin, 8
Gagandeep, 5
Deja, 185
Odaliz, 7
Yunuen, 8
Garrett, 3009
Shantavia, 8
Janae, 67
Dominika, 9
Noa, 18
Timothy, 2285
Demondre, 5
Kiley, 101
Brendon, 201
Symantha, 9
Daylene, 5
Kayleigh, 158
Edder, 5
Dakota, 1713
Arcelia, 10
Garret, 154
Vinay, 9
Zykeria, 20
Daeshawn, 13
Jazmyne, 10
Angel, 5813
Anissa, 77
Isiah, 224
Shia, 12
Kenrick, 6
Jackelyn, 79
Braeden, 46
Aramis, 8
Kristin, 93
Naseem, 21
Noor, 14
Stephane, 6
Adilene, 80
Destany, 38
Raven, 245
Holly, 27
Giovani, 43
Dyson, 5
Sayaka, 6
Halle, 44
Amani, 41
Jakyla, 8
Ariel, 349
Clay, 13
Varun, 25
Makena, 67
Zaira, 54
Justus, 13
Ruby, 191
Lupita, 38
Shjon, 8
Abel, 432
Ubaldo, 27
Jacquelin, 65
Estefany, 49
Sintia, 6
Zebulon, 14
Jadah, 13
Jonathan, 13045
Luc, 34
Alecxis, 6
Kealani, 19
Katherine, 4300
Serena, 725
Bianka, 14
Samira, 28
Nasim, 17
William, 6601
Devante, 22
Na, 5
Prem, 5
Maleny, 8
Braulio, 56
Starr, 49
Chloe, 3705
Belen, 104
Adrienne, 54
Ester, 21
Wilson, 45
Haylea, 10
Hannah, 17972
Gunner, 26
Corrin, 9
Chaney, 6
Ciaran, 12
Rashell, 10
Amairany, 9
Nishant, 7
Anela, 9
Demarius, 7
Hindy, 23
Kalvin, 22
Isidro, 64
Ishmael, 6
Isaac, 3984
Sahara, 10
Laurissa, 6
Hovanes, 5
Jarquez, 13
Hershy, 16
Mira, 5
Daphne, 46
Nya, 47
Ezra, 30
Beyonce, 42
Jonnathan, 10
Alexander, 10146
Mayer, 24
Dustyn, 12
Faisal, 11
Pavel, 12
Quinton, 55
Cynthia, 906
Aziz, 10
Johann, 12
Mitchell, 414
Nicolo, 10
Chasidy, 11
Vladislav, 5
Harmony, 59
Yakelin, 6
Juvenal, 8
Cayla, 56
Breyana, 6
Sonali, 29
Daniella, 325
Dajon, 8
Bailey, 2358
Denay, 5
Mathieu, 15
Nadia, 429
Leslie, 1920
Damonte, 21
Yasmin, 321
Annabelle, 39
Nisa, 16
Wayne, 5
Yonathan, 9
Meghan, 987
Salvatore, 140
Ashly, 33
Nicolle, 20
Adelyn, 6
Heaven, 227
Juliet, 38
Asia, 457
Jannet, 41
Raffi, 7
Garrin, 5
Chava, 35
Kainoa, 26
Aleksandra, 19
Yessenia, 112
Paolo, 29
Vy, 14
Zeinab, 24
Christianpaul, 5
Shirah, 5
Kyle, 7524
Armando, 888
Sequan, 6
Mark, 1441
Jevon, 98
Kendell, 13
Bella, 38
Anthony, 12883
Wendy, 525
Justina, 34
Keyri, 5
Shanasia, 5
Yamilex, 12
Bridger, 79
Felipedejesus, 6
Helaina, 6
Kaeli, 15
Abdulahi, 8
Mariana, 509
Damir, 20
Kailah, 19
Nasia, 5
Jala, 20
Svetlana, 6
Emanuel, 411
Idalis, 18
Briona, 9
Yajaira, 64
Elvia, 17
Derek, 1154
Tony, 105
Dondre, 12
Brenna, 247
Tasfia, 7
Jamilet, 26
Perla, 304
Andrea, 2794
Dawood, 5
Maia, 47
Brett, 373
Tyanna, 25
Dejohn, 5
Jennifer, 5858
Kiana, 438
Silvia, 17
Martavious, 11
Lyndsey, 65
Reilly, 15
Cj, 7
Yuliza, 9
Mecca, 7
Gianella, 9
Shakerria, 7
Mahmoud, 19
Girl, 5
Jabriel, 6
Jalyn, 44
Annamarie, 27
Kaytlyn, 21
Giovanny, 96
Mikala, 22
Perrion, 12
Kobe, 486
Dalia, 99
Faith, 2488
Asad, 8
Patryk, 12
Dominick, 208
Jordy, 37
Jaelyn, 6
Sohrob, 5
Deandre, 371
Giovany, 8
Gevork, 8
Adhemar, 8
Ayla, 13
Nour, 16
Iliana, 83
Caitlin, 2048
Iyanla, 13
Dinora, 7
Virginia, 54
Raja, 8
Kymani, 28
Ella, 38
Paloma, 68
Hiram, 17
Katelynn, 440
Phillip, 156
Patricio, 23
Siani, 47
Alia, 20
Keven, 102
Eduardo, 2352
Eliyahu, 21
Rachel, 7092
Valentin, 58
Marielena, 9
Mai, 18
Mei, 9
Maria, 3779
Deija, 12
Yazmin, 52
Loren, 45
Rohan, 57
Piper, 25
Stephen, 407
Jilberto, 5
Elian, 387
Alicea, 6
Agata, 6
Dayanara, 22
Cristofer, 33
Anmol, 12
Ailyn, 25
Mohini, 5
Karrington, 13
Marc, 589
Long, 45
Alonso, 94
Shamari, 12
Kaden, 154
Kaleb, 562
Mario, 1320
Porfirio, 17
Raynisha, 5
Kenneth, 839
Felix, 159
Ramon, 320
Anicia, 9
Aidan, 1286
Carlie, 54
Aman, 24
Louie, 48
Sloane, 11
Stephon, 35
Antonio, 2840
Jenica, 10
Janie, 46
Gardenia, 12
Ronald, 13
Aundrea, 16
Lessly, 13
Darrian, 16
Rayona, 5
Jaspreet, 13
Saleem, 9
Pablo, 311
Kelsy, 13
Genesis, 481
Taylee, 11
Audrie, 9
Ibrahim, 43
Keyshawn, 177
Massiel, 7
Aliah, 7
Eloy, 27
Eboney, 5
Quinlan, 30
Jamile, 13
Alexandre, 21
Daniel, 14158
Vinh, 13
Dereck, 11
Brooks, 33
Jacob, 29234
Adia, 6
Trysten, 6
Gareth, 10
Jaclynn, 12
Sohil, 5
Shruti, 6
Marco, 1033
Desteny, 39
Jocelynn, 50
Zitlali, 6
Desiree, 849
Maximillian, 76
Gavan, 12
Kassy, 6
Aaron, 4618
Evelyn, 34
Consuelo, 22
Elder, 8
Elias, 589
Beatriz, 71
Khaliah, 5
Kwaku, 5
Zanaya, 7
Amna, 5
Baley, 5
Naja, 8
Micayla, 20
Atif, 5
Diana, 1420
Delaney, 281
Courteney, 8
Karyme, 54
Angelika, 14
Jayquan, 20
Alysha, 6
Braydin, 5
Ethen, 7
Ivan, 1415
Carly, 332
Isac, 38
Jaron, 65
Canyon, 16
Dayonna, 10
Mikaela, 325
London, 17
Latrell, 62
Trevon, 114
Simran, 81
Kierstin, 23
Emma, 6983
Haleigh, 193
Sereena, 6
Taylorann, 6
Kennedy, 741
Nereida, 12
Antonia, 85
Issac, 214
Josealberto, 5
Aniya, 20
Azael, 8
Roman, 341
Xianna, 5
Angeles, 66
Jarett, 5
Kaila, 181
Jonathen, 11
Brayden, 301
Josette, 5
Rahul, 98
Luisenrique, 7
Hanna, 505
Nicklaus, 16
Melany, 37
Alura, 5
Makaylah, 10
Chaya, 206
Maciej, 5
Asucena, 6
Dorian, 127
Kennedi, 41
Amy, 1268
Charles, 2326
Sydney, 7150
Dhamar, 5
Aukai, 5
Hayley, 684
Tyliek, 5
Davia, 5
Suraj, 11
Sheridan, 20
Abby, 224
Md, 9
Karime, 58
Felecity, 5
Vivianna, 25
Santanna, 5
Haillie, 6
Roel, 62
Eman, 14
Tatyanna, 15
Jairo, 77
Tayson, 6
Jazzmin, 28
Sabrinna, 5
Zahria, 11
Itati, 10
Ilse, 8
Jermaine, 25
Montana, 40
Yechezkel, 16
Aldo, 144
Raegan, 6
Humberto, 112
Sianni, 10
Abie, 6
Liliya, 10
Auston, 12
Shania, 466
Faviola, 9
Gustavo, 704
Joslynn, 9
Sarena, 17
Selene, 22
Alynna, 5
Francisco, 1690
Radhika, 13
Brenden, 241
Andre, 509
Rodolfo, 229
Jeremy, 1988
Dillon, 573
Raisa, 9
Yidel, 5
Janette, 92
Fernando, 1565
Chelsea, 916
Imani, 264
Jazzmyne, 5
Arron, 20
Milinda, 5
Noemi, 236
Ruth, 115
Mabry, 6
Jaydon, 25
Sabastian, 35
Dallin, 151
Kamran, 5
Mercedes, 314
Irina, 7
Paris, 45
Mervin, 11
Julio, 801
Xitlalic, 8
Alecsander, 7
Aeriel, 5
Tiana, 221
Rubi, 80
Dawson, 787
Dragon, 11
Lisbeth, 62
Cidney, 7
Kristofer, 7
Debanhi, 11
Lluvia, 19
Nafis, 17
Ulices, 28
Kyleigh, 27
Mariel, 63
Weston, 93
Katheryn, 30
Noam, 11
Julia, 4936
Tamia, 170
Armondo, 9
Laci, 13
Layne, 23
Armen, 24
Margaret, 329
Sedona, 7
Shay, 8
Jacqueline, 2825
Malka, 80
Timia, 17
Hallie, 334
Daylan, 20
Rohith, 5
Ai, 5
Cesar, 1412
Graciela, 103
Naama, 7
Shawn, 395
Julie, 182
Zulma, 8
Qadir, 8
Rebekah, 491
Lizet, 63
Zeshan, 6
Kla, 5
Nida, 8
Nanci, 31
Audree, 9
Ryu, 12
Mayra, 255
Christion, 8
Estephan, 5
Kailey, 235
Jolee, 8
Esteven, 9
Malachi, 57
Deon, 17
Jarod, 209
Kiera, 47
Kelli, 12
Yarden, 5
Chazz, 8
Rosaisela, 11
Josie, 41
Samir, 31
Tyreke, 33
Eulises, 5
Dajuan, 22
Berenize, 6
Madison, 13760
Trevor, 2426
Reanne, 7
Taijah, 6
Mary, 1762
Amya, 21
Kailee, 91
Leobardo, 26
Breindy, 11
Ayman, 8
Montanna, 7
Monika, 26
Cassidy, 1447
Dionna, 6
Halli, 9
Saadiq, 5
Jimmy, 425
Rylie, 34
Coleton, 23
Jiselle, 15
Alea, 8
Kristopher, 144
Mackayla, 5
Kai, 206
Breana, 144
Giavanna, 12
Kaheem, 5
Cobey, 7
Jessa, 7
Dasia, 26
Talha, 11
Aylin, 208
Eder, 11
Josephine, 47
Julianne, 66
Peterson, 10
Nimra, 6
Ellen, 21
Nathalie, 277
Izabel, 10
Crystal, 719
Jacques, 7
Kameron, 223
Ceara, 6
Ally, 75
Jamir, 10
Ahmed, 110
Leonela, 9
Xitlaly, 23
Tyresha, 5
Keziah, 9
Brooklyn, 374
Zhane, 10
Karlee, 19
Bryana, 90
Hassan, 45
Mikayla, 1411
Zoila, 5
Elise, 412
Mickayla, 26
Enrique, 871
Jalon, 11
Kacper, 17
Soleil, 24
Kamri, 10
Alexsys, 5
Sumayya, 5
Rayla, 7
Autum, 13
Ana, 1658
Josseline, 7
Jaylyn, 11
Hunter, 6398
Jalani, 7
Citlally, 41
Allexus, 5
Kalli, 5
Tzvi, 26
Jarrett, 253
Heidi, 90
Edgar, 1223
Garen, 6
Louis, 252
Breeanna, 13
Lejon, 6
Brady, 454
Alexis, 13317
Lakeria, 8
Aristeo, 9
Greta, 45
Adonis, 36
Tessa, 106
Emmanuel, 720
Tiyanna, 5
Scott, 381
Taylore, 6
Saray, 38
Raeleen, 7
Dalton, 2804
Isela, 93
Kiara, 1401
Torie, 7
Hosanna, 7
Nikolette, 5
Jamon, 12
Delante, 6
Joaquin, 190
Tai, 19
Silverio, 12
Emiko, 8
Aleyda, 7
Jaclyn, 55
Monzerrath, 6
Angelique, 235
Tyler, 13881
Katia, 67
Taysha, 5
Macayla, 11
Binyamin, 6
Savannah, 4743
Zaida, 18
Coral, 56
Jaylin, 97
Rashel, 42
Hamza, 28
Elisheva, 13
Marcin, 12
Renato, 14
Baleigh, 13
Kong, 10
Alexia, 767
Kira, 128
Benjamin, 8313
Aleena, 37
Savanna, 457
Jesika, 5
Osmar, 23
Ashlyn, 461
Hervey, 8
Gissell, 52
Angelo, 88
Jawaun, 8
Emery, 20
Irma, 40
Derick, 45
Crispin, 7
Rachell, 17
Kaia, 9
Jakob, 1154
Josue, 715
Michaela, 693
Tyla, 16
Dayshawn, 14
Nayab, 5
Evelin, 72
Eliu, 8
Jocelyn, 1560
Larissa, 84
Liza, 18
Cerena, 7
Tyrik, 13
Steven, 3932
Jayleen, 24
Stockton, 22
Brandin, 7
Melani, 11
Nile, 8
Calvin, 197
Cara, 47
Itzel, 296
Sohaib, 5
Emilee, 91
Yerachmiel, 8
Ben, 30
Kenda, 5
Alix, 10
Helen, 59
Alivia, 28
Oliver, 260
Makenzie, 298
Kyrese, 5
Giovonni, 8
Nathalia, 68
Melia, 29
Tiara, 150
Presley, 48
Ramses, 41
Tehya, 7
Antony, 35
Tayla, 16
Christiana, 34
Jakeria, 8
Dylan, 10420
Davon, 79
Daisia, 5
Katrina, 186
Kaitlin, 921
Erron, 5
Colton, 1228
Isabela, 23
Hanh, 5
Cedric, 52
Hayle, 18
Cordell, 5
Cristobal, 55
Tyree, 33
Keyara, 25
Tavian, 15
Adriel, 27
August, 9
Raizy, 33
Estrella, 80
Katelin, 74
Fabian, 734
Keana, 21
Yamileth, 60
Ross, 19
Kania, 8
Gregory, 635
Quinten, 30
Rosio, 20
Felicity, 212
Allison, 2401
Jaquelin, 173
Muskan, 5
Trejon, 6
Chyanne, 15
Caroline, 2689
Rivaldo, 10
Madelyn, 846
Brooklin, 19
Maira, 51
Rivky, 39
Kavon, 48
Domenico, 12
Alejandrina, 14
Zion, 52
Edina, 7
Madelyne, 7
Damaris, 153
Dezarae, 15
Desmond, 16
Oziel, 23
Aaliyah, 166
Joselyn, 150
Misael, 159
Ashley, 11925
Tyren, 17
Lucia, 205
Moroni, 10
Faigy, 76
Josefina, 5
Cyann, 5
Morgen, 11
Isabel, 1436
Maguire, 6
Easton, 26
Rebecca, 2085
Anslee, 15
Estevan, 36
Libby, 37
Keegan, 145
Camille, 231
Hyrum, 27
Laiza, 31
Dariana, 122
Ousmane, 6
Michaella, 9
Kaley, 25
Berenice, 183
Donovan, 520
Jillian, 1043
Shemar, 53
Berenise, 12
Kajuan, 5
Jonae, 16
Jaylene, 14
Tyneisha, 7
Harpreet, 7
Kieran, 19
Yomara, 5
Ismael, 395
Adithya, 8
Almendra, 5
Zlaty, 5
Cinthia, 37
Walker, 79
Mackenzie, 3623
Kennadie, 5
Karah, 9
Aicha, 10
Melannie, 13
Sakshi, 5
Lexi, 87
Nayeli, 262
India, 65
Aileen, 288
Adalberto, 34
Renan, 6
Gisell, 34
Katie, 1247
Lusine, 6
Marykate, 6
Tionni, 5
Dafne, 18
Jaylee, 14
Benigno, 7
Maxfield, 5
Carrie, 27
Rami, 19
Leena, 5
Tiasia, 7
Dimas, 11
Ashlei, 7
Abbigail, 31
Tariq, 59
Kenzie, 37
Abhishek, 24
Ronnie, 13
Alima, 6
Chandler, 651
Rhett, 38
Aliana, 20
Naseer, 10
Cort, 5
Analiza, 5
Araceli, 269
Aviva, 11
Yolanda, 58
Megumi, 7
Marquavious, 29
Kennadi, 7
Micaela, 71
Marshall, 89
Natalya, 16
Brook, 22
Sharif, 9
Annay, 6
Nolan, 679
Harris, 20
Cristo, 11
Kedarius, 5
Delilah, 58
Jeshua, 5
Marquez, 17
Nasir, 189
Raizel, 18
Kaitlyn, 6445
Meagan, 143
Nazir, 40
Dovid, 33
Yovana, 7
Aja, 12
Niko, 28
Alaysha, 14
Martina, 23
Sanjuanita, 20
Zachariah, 130
Joseluis, 65
Jewel, 50
Cruz, 127
Rylee, 61
Lovina, 6
Daisy, 1523
Breauna, 13
Madilyn, 48
Allana, 12
Marley, 8
Collin, 1090
Maxime, 11
Calysta, 17
Mahala, 7
Tyquan, 22
Claryssa, 7
Sammi, 10
Kathryne, 11
Amr, 11
Jared, 3948
Hadlee, 10
Jaleen, 5
Avraham, 41
Osmin, 10
Javonta, 14
Tre, 17
Imari, 22
Jephthe, 5
Illeana, 14
Jenna, 1990
Darrion, 5
Cyrus, 70
Paulina, 308
Josedejesus, 7
Magaly, 37
Canon, 5
Cedrick, 16
Kalea, 20
Callista, 8
Kongmeng, 5
Jalan, 21
Anahi, 524
Kevonte, 6
Taylor, 8949
Kyrah, 9
Manaal, 6
Jacklyn, 31
Annalisa, 41
Yesenia, 827
Jannel, 5
Victor, 2332
Alissa, 324
Omar, 1351
Ciara, 170
Johnson, 41
Daria, 17
Briauna, 7
Uziel, 14
Sury, 11
Shoshana, 55
Brock, 148
Alexcia, 23
Alegra, 7
Anjali, 64
Jena, 9
Alexa, 1977
Rivka, 96
Philip, 28
Abigaile, 6
Estefani, 50
Yessica, 37
Jamarcus, 56
Abdelrahman, 6
Dontavious, 31
Apryl, 8
Jerry, 9
Chiara, 16
Aishwarya, 22
Lindsay, 210
Corina, 86
Simone, 22
Brayton, 28
Jaquez, 35
Jaquelynn, 5
Kaylie, 219
Destine, 9
Alyza, 13
Sandy, 49
Makenzi, 18
Daquan, 79
Autumn, 1295
Raelene, 17
Jarek, 9
Rafiq, 5
Antonique, 6
Baneen, 5
Damian, 610
Amelia, 217
Female, 17
Reina, 90
Trinity, 2437
Silas, 13
Jaycob, 40
Katryna, 5
Sidney, 249
Zharia, 11
Johnathon, 84
Kiersten, 34
Naquan, 10
Kailin, 7
Ananda, 16
Diavion, 5
Jordyn, 560
Zuleima, 10
Bartlomiej, 10
Johnatan, 9
Johnny, 550
Ashlin, 5
Serenity, 78
Francessca, 5
Elyssa, 71
Damion, 135
Keonte, 10
Missael, 9
Marisabel, 9
Cecilia, 454
Anastasia, 417
Audrey, 776
Kalysta, 8
Miah, 6
Kendall, 263
Sakib, 6
Mckenzie, 657
Jennyfer, 23
Allysa, 21
Alessandro, 18
Jakia, 10
Baily, 6
Tejon, 6
Alexandro, 63
Jakelyn, 8
Jaquon, 17
Jermiah, 16
Mireya, 49
Litzi, 36
Cason, 25
Levi, 439
Dayanna, 19
Demond, 12
Corey, 683
Nayla, 7
Sarah, 9098
Kevork, 5
Katlyn, 104
Shlomo, 18
Noely, 10
Alana, 207
Lauryn, 611
Kaela, 22
Anabel, 43
Meghna, 6
Quamir, 10
Kelvin, 204
Jasmine, 6254
Makana, 15
Sadia, 12
Kenji, 17
Katty, 6
Rivkah, 15
Cintia, 6
Jaylynn, 18
Keyonna, 9
Kevon, 446
Elijah, 3583
Liana, 50
Kassem, 8
Tysheem, 5
Jahaira, 7
Gurleen, 15
Ameer, 15
Heriberto, 40
Nathanael, 181
Jadon, 44
Nana, 8
Ayden, 5
Mckenna, 421
Lillianna, 14
Nicole, 4816
Jarvis, 48
Alex, 3245
Ajah, 6
Carissa, 175
Emely, 310
Corbin, 132
Ileana, 31
Damani, 23
Tyshon, 6
Yonatan, 21
Daequan, 5
Roberto, 1176
Raeanna, 5
Dandre, 34
Lazer, 6
Alisa, 72
Mathew, 523
Maryelizabeth, 6
Jalynn, 19
Pinchas, 22
Caley, 19
Reyna, 227
Kylee, 329
Selena, 294
Bryant, 262
Makoa, 7
Vineet, 5
America, 193
Peyton, 681
Schuyler, 13
Yadhira, 9
Arnulfo, 27
Takoda, 9
Ellyse, 7
Lindsey, 717
Alejandra, 1163
Mc, 6
Avi, 18
Quadir, 32
Emilie, 130
Manisha, 13
Cleopatra, 11
Branden, 244
Maricela, 19
Seth, 3381
Conner, 388
Jaycie, 6
Devron, 5
Maheen, 8
Moise, 6
Yu, 7
Dennise, 14
Milana, 5
Djuan, 8
Lisa, 121
Lilia, 67
Shaquan, 25
Bladimir, 19
Cameron, 8928
Anysa, 5
Mckell, 16
Anum, 5
Marissa, 1721
Naail, 5
Noeli, 19
Haylee, 342
Emani, 28
Erik, 1129
Raymundo, 135
Klarissa, 42
Martavius, 8
Brennon, 11
Jaylan, 72
Nydia, 14
Alexus, 597
Shiane, 6
Mykayla, 31
Raequan, 6
Bianca, 764
Ty, 216
Yisel, 34
Sydnee, 96
Lesly, 517
Dajanae, 21
Bassy, 6
Tyrell, 115
Pallavi, 9
Thomas, 4526
Kyeem, 5
Jaime, 704
Jazmen, 6
Jericho, 13
Clarise, 7
Madeleine, 233
Dishon, 5
Xochitl, 67
Erubey, 5
Ashlynn, 191
Xitlali, 6
Moishe, 21
Laken, 8
Daja, 24
Griselda, 35
Jaret, 27
Mitzy, 40
Saira, 22
Ashlee, 67
Nelly, 19
Kylie, 1155
Mohammad, 144
Mckinsey, 6
Maricarmen, 39
Maiya, 42
Flavio, 49
Sahil, 36
Yaquelyn, 5
Tarik, 15
Aniyah, 27
Jarom, 14
Unique, 18
Landon, 630
Mauricio, 87
Natallie, 7
Adam, 3363
Allen, 106
Alice, 76
Mendel, 31
Caylee, 20
Whitney, 67
Brionna, 5
Lanay, 5
Summer, 1146
Amaiya, 15
Deion, 22
Daxton, 27
Adnan, 18
Lukas, 47
Joslyn, 15
Meelad, 6
Andrue, 10
Brynn, 14
Brittany, 3426
Natalie, 4213
Cy, 5
Rio, 13
Tyana, 18
Shayna, 50
Reis, 8
Eden, 20
Lillian, 68
Hassaan, 6
Elyan, 5
Mia, 1854
Moncerrath, 6
Kayleen, 23
Tate, 27
Landri, 7
Joanna, 510
Vianey, 50
Kristina, 337
Agustin, 197
Amaris, 34
Derrick, 130
Bryssa, 6
Dustin, 234
Natally, 6
Jadarius, 15
Kelsey, 1029
Hailey, 5414
Bhavik, 5
Cristopher, 90
Alexandrea, 36
Kennan, 5
Noah, 10460
Jadan, 14
Lazaro, 34
Jefrey, 5
Ivey, 28
Jimena, 19
Treyvon, 16
Ulyssa, 5
Caleigh, 35
Madelynne, 10
Demonte, 8
Roxana, 67
Halie, 88
Kacey, 17
Samara, 7
Tyra, 134
Melody, 241
Ruben, 1194
Karishma, 5
Ulisses, 24
Finn, 14
Dionte, 9
Abbie, 35
Grayson, 287
Marcelo, 26
Deziree, 9
Faraz, 8
Sebastion, 9
Meaghan, 96
Mahogany, 35
Ayannah, 8
Breahna, 6
Angelina, 788
Cirilo, 6
Houston, 28
Mansi, 15
Braydon, 30
Waleed, 14
Aerin, 9
Cierra, 497
Keshaun, 26
Kennadee, 7
Cheyenne, 1708
Monesha, 5
Daulton, 13
Daphnie, 6
Stefany, 27
Jatavia, 7
Gema, 30
Montserrat, 26
Ragan, 10
Everardo, 70
Bibi, 11
Bailee, 123
Nailea, 23
Tiffany, 1297
Lucina, 9
Bb, 16
Caitlynn, 23
Donavon, 13
Samanta, 13
Jasson, 12
Lizzette, 8
Ramiro, 156
Lina, 39
Alan, 961
Marialy, 8
Andy, 864
Wilfredo, 24
Eboni, 6
Albert, 147
Jonatan, 36
Mahum, 6
Natavia, 6
Carson, 742
Isaiah, 4940
Shakeria, 11
Sameer, 11
Vannessa, 22
Marisol, 453
Dajah, 13
Eriq, 9
Kristian, 159
Christopher, 15319
Arianny, 7
Taniah, 9
Arturo, 477
Edwin, 677
Saidy, 5
Raveena, 8
Yarely, 9
Amil, 11
Rosendo, 25
Krystian, 12
Carlee, 5
Asma, 16
Quincy, 28
Denisse, 69
Brisamar, 5
Sophia, 3262
Kawika, 8
Jhoan, 7
Dejana, 5
Vasilis, 5
Blanca, 93
Annamaria, 6
Joseantonio, 8
Kelly, 781
Eleana, 7
Fidel, 62
Jaylon, 146
Sabian, 14
Jackline, 5
Cristina, 544
Yobani, 8
Allan, 49
Jacey, 38
Briseida, 8
Lissette, 65
Sky, 27
Brayan, 270
Jose, 8940
Conrad, 42
Amena, 5
Olivia, 8229
Guilherme, 7
Lizbeth, 542
Fabiola, 127
Kobi, 7
Kasandra, 118
Miyu, 6
Morgan, 5678
Jeovanni, 5
Avigail, 8
Marcanthony, 63
Brendan, 2059
Yazmine, 48
Haylie, 69
Kynnedy, 9
Jacoby, 38
Chelsey, 41
Akshay, 14
Aryanna, 15
Abbye, 5
Rigoberto, 100
Jazmin, 832
Devyn, 65
Hanson, 6
Brizeida, 7
Mariela, 63
Abram, 47
Yulissa, 75
Justice, 111
Jarred, 62
Zechariah, 20
Yitty, 27
Miguelangel, 48
Brice, 46
Jessica, 8977
Annai, 6
Kaegan, 7
Brianda, 24
Maritza, 284
Berania, 6
Sabin, 5
Yasmeen, 64
Elsa, 45
Jalil, 10
Zackery, 57
Andreas, 27
Puneet, 6
Babyboy, 19
Imanol, 19
Dierra, 5
Lexia, 5
Navid, 9
Dayla, 7
Reagan, 216
Bennett, 43
Timofey, 5
Kailani, 6
Joshua, 20060
Shaylee, 31
Jaskarn, 9
Ramsey, 18
Gabriella, 2046
Tyjuan, 8
Laurel, 18
Fernanda, 255
Kareem, 65
Britton, 18
Draven, 23
Andrina, 8
Justyn, 25
Nasario, 8
Blake, 2107
Eva, 76
Sehar, 7
Rosamaria, 6
Sarai, 172
Rosalinda, 82
Tyriek, 9
Kevion, 10
Conor, 85
Dallen, 21
Octavia, 14
Lorenzo, 379
Kamren, 6
Aparna, 5
Isabella, 2971
Iridian, 13
Khalil, 53
Jesus, 3936
Alondra, 1226
Christian, 11081
Maxim, 33
Grant, 1379
Cheyann, 6
Shade, 8
Abigail, 8319
Kaitlynn, 241
Keshawn, 63
Anysia, 5
Yehuda, 89
Kevontae, 6
Megan, 5616
Nallely, 47
Grecia, 60
Cordarius, 10
Caeden, 9
Jayson, 76
Tehani, 19
Miracle, 36
Perl, 5
Ashkon, 6
Miles, 333
Karenna, 10
Rhianna, 35
Zaid, 38
Nykerria, 6
Alexys, 38
Manav, 22
Will, 121
Vishnu, 15
Dmitri, 5
Shira, 51
Kyla, 349
Andrew, 17625
Keenan, 22
Victoria, 5742
Colm, 8
Kathia, 18
Destani, 11
Muhammad, 22
Jazmine, 544
Erykah, 8
Sara, 2418
Aida, 11
Ashlynne, 7
Jaqueline, 922
Sydni, 84
Kaysee, 5
Kalley, 5
Reinaldo, 10
Milo, 50
Angie, 266
Millen, 5
Kimball, 6
Zane, 382
Ezekiel, 179
Calista, 67
Joselin, 18
Marcela, 48
Briza, 59
Tasnia, 11
Tamir, 19
Armani, 18
Preston, 776
Osbaldo, 55
Madisyn, 50
Sarina, 90
Kyler, 87
Vallery, 5
Adal, 11
Alasia, 9
Vanessa, 3325
Aharon, 17
Jihad, 12
Aurora, 10
Valerie, 1099
Saima, 8
Jace, 129
Nathen, 15
Kate, 395
Pierce, 49
Saida, 11
Alyssandra, 5
Jocelyne, 121
Martin, 906
Taryn, 27
Chasen, 14
Kerstin, 6
Nayelli, 15
Devorah, 46
Nima, 18
Anessa, 12
Jabree, 8
Leonardo, 777
Ezequiel, 69
Derian, 22
Tatiana, 766
Jaion, 5
Harrison, 441
Ibn, 18
Jordon, 76
Jovannie, 5
Brenley, 5
Madelaine, 9
Abbey, 119
Alycia, 8
Shea, 9
Quantavious, 5
Jadakiss, 9
Zacary, 7
Shatavia, 7
Erica, 1389
Mariama, 18
Nachman, 8
Cauy, 26
Kaile, 5
Dynasty, 18
Camryn, 475
Keila, 62
Marielle, 9
Lizzett, 5
Kacie, 55
Dejon, 28
Estefania, 124
Marbella, 21
Kaulana, 8
Jalen, 2675
Abran, 13
Abriana, 20
Dejanique, 5
Bryanna, 319
Sebastien, 22
Aisha, 36
Reanna, 79
Janique, 6
Edrees, 5
Divine, 19
Silver, 5
Jakobe, 21
Yaritza, 31
Slade, 14
Zoie, 28
Haydee, 7
Alesandro, 5
Adrianna, 94
Mikeria, 8
Lanae, 6
Efrain, 212
Marcel, 19
Shayla, 257
Lamia, 6
Lilian, 111
Ivette, 104
Carla, 117
Meredith, 174
Julian, 2469
Cherokee, 20
Kassie, 27
Yitzchok, 16
Xochil, 12
Rashard, 14
Jeffrey, 692
Yaquelin, 28
Irving, 31
Hammad, 6
Jayla, 267
Denasia, 5
Valery, 18
Angelica, 1478
Drew, 619
Nikeria, 6
Milenia, 6
Braden, 548
Jhonathan, 8
Quentin, 121
Giovanna, 48
Cassady, 17
Kamil, 20
Madeline, 2641
Anai, 65
Akiva, 21
Kaleigh, 140
Jeancarlo, 15
Danica, 51
Henry, 144
Brinlee, 9
Francisca, 50
Matea, 7
Briyanna, 7
Anirudh, 11
Alanna, 19
Lucio, 17
Yanira, 25
Soledad, 12
Anil, 13
Nohemi, 22
Trenton, 615
Claudia, 652
Kyland, 5
Lucas, 1080
Baltazar, 20
Stephanie, 3681
Jailene, 57
Keshun, 9
Meranda, 14
Jartavious, 5
Amyre, 7
Fatoumata, 36
Mekenzie, 12
Sienna, 117
Stephano, 9
Bernardo, 39
Montgomery, 5
Vivian, 160
Myles, 139
Brevin, 6
Makaela, 9
Kaysie, 7
Isis, 40
Jaquelyne, 8
Sandra, 196
Allyssa, 49
Minami, 5
Brianna, 9371
Janise, 5
Arielle, 83
Travonne, 5
Tionne, 52
Parsa, 6
Tyrek, 50
Geronimo, 22
Demari, 7
Billy, 98
De, 32
Fredy, 29
Tavarius, 7
Asya, 10
Owen, 454
Pedro, 1183
Rianna, 14
Dalen, 8
Amulya, 6
Jailon, 6
Jair, 22
Mykal, 7
Rishi, 18
Jameria, 7
Blane, 18
Lilibeth, 36
Kasi, 9
Iris, 297
Devonta, 7
Cooper, 131
Donavan, 37
Victormanuel, 8
Raylene, 42
Zaine, 5
Dejanae, 8
Liam, 1467
Shelbie, 29
Criselda, 7
Rachael, 123
Jailin, 7
Wanya, 19
Shivani, 35
Bradley, 207
Colt, 22
Julieta, 48
Travion, 14
Evan, 3590
Miguel, 2221
Johanna, 214
Roshni, 6
Maximo, 13
Shadi, 6
Chanie, 12
Briyana, 9
Alain, 23
Cory, 158
Maya, 1315
Cindy, 592
Raymond, 726
Tommy, 137
Jamileth, 16
Kattia, 5
Tayler, 93
Nia, 386
Deavion, 6
Maegan, 40
Kaelyn, 57
Calley, 8
Karen, 380
Esteban, 565
Roderick, 44
Bijan, 10
Sergio, 1346
Justine, 119
Tyshawn, 46
Anneke, 6
Timberly, 5
Pa, 10
Kamaile, 10
Chyann, 7
Zoey, 34
Gricelda, 9
Pricsilla, 5
Keirra, 5
Taylan, 6
Destiney, 79
Beatris, 6
Marcus, 1191
Luke, 3836
Darris, 6
Yadira, 145
Afsana, 7
Ravi, 15
Treveon, 25
Citlaly, 52
Mohamed, 93
Marquise, 9
Alisia, 13
Zarria, 5
Karena, 14
Neo, 12
Shaylie, 9
Anna, 4685
Anam, 12
Tyonna, 8
Ilan, 10
Kanoe, 6
Julietta, 12
Mackenzee, 22
Deven, 135
Freddy, 145
Jahaziel, 11
Celine, 163
Tavis, 8
Claritza, 5
Michael, 15987
Anisah, 11
Austin, 10229
Kalia, 18
Mya, 331
Makaylee, 6
Anne, 60
Trever, 21
Hali, 14
Vashawn, 5
Franchesca, 35
Diva, 5
Imelda, 17
Abaigeal, 5
Jathan, 7
Jasmeen, 10
Jeniffer, 40
Venecia, 6
Noelle, 163
Itzanami, 5
Merina, 6
Dayja, 7
Mauro, 45
Marina, 340
Maeve, 30
Heavenly, 13
Tais, 44
Mercedez, 25
Tykira, 6
Varsha, 14
Mikael, 37
Destini, 162
Khadijah, 19
Supreme, 7
Alara, 6
Jabria, 8
Amari, 26
German, 91
Nautica, 25
Daevion, 6
Norma, 60
Ilianna, 5
Dania, 31
Jakayla, 29
Nigel, 50
Nadira, 11
Tyrin, 12
Kelcee, 5
Creighton, 6
Rebeca, 114
Wolf, 10
Faiz, 6
Hagen, 12
Azka, 5
Luis, 4882
Keon, 51
Nakayla, 16
Chasity, 117
Serrina, 7
Favian, 43
Baylee, 184
Makaila, 14
Krishan, 6
Johana, 45
Darrien, 27
Bridget, 63
Savina, 5
Monet, 10
Luca, 55
Liba, 8
Rayonna, 6
Brittney, 962
Isaias, 204
Elvis, 177
Aiden, 156
Athina, 10
Ani, 46
Ashtyn, 46
Daisey, 17
Miriam, 586
Eriberto, 28
Gillian, 485
Dalilah, 14
Cielo, 136
Pessy, 19
Skyelar, 6
Fatima, 640
Barrett, 14
Treylon, 8
Danya, 5
Destinee, 426
Cobi, 8
Hope, 814
Marah, 9
Selina, 40
Magan, 10
Reid, 78
Abdirahman, 27
Alyson, 51
Bryton, 9
Italia, 8
Felipe, 171
Kirstan, 5
Janeth, 43
Moesha, 11
Aldair, 29
Anastacio, 9
Oneil, 6
Raeann, 12
Ayanna, 86
Talar, 7
Destinie, 44
Keyana, 17
Danielle, 2537
Alyssa, 9787
Wyatt, 974
Paige, 1429
Dyllon, 12
Macy, 501
Kasim, 7
Yissochor, 5
Taelor, 12
Diego, 1789
Adrianne, 18
Litzy, 444
Hugo, 406
Kalena, 7
Gilberto, 337
Celestina, 10
Mynor, 9
Deontae, 18
Nathan, 7604
Sammy, 36
Patrick, 2461
Hailee, 196
Shamar, 99
Obed, 31
Leondra, 8
Caden, 232
Julien, 27
Daizy, 11
Ethan, 10742
Triniti, 16
Gissel, 11
Leila, 77
Monique, 122
Moshe, 222
Halee, 31
Katya, 68
Luiz, 44
Zachery, 268
Maili, 5
Aspen, 66
Karina, 1395
Karli, 31
Michelle, 822
Gerrit, 9
Rocky, 37
Alexandria, 2184
Ashna, 7
Dayne, 20
Juandaniel, 5
Dayton, 24
Britany, 20
Edwardo, 17
Soraya, 10
Myasia, 14
Winni, 5
Katelyn, 2241
Briley, 21
Jordana, 14
Damarys, 5
April, 262
Jalicia, 5
Addison, 238
Alina, 254
Keanu, 68
Khalif, 11
Shanteria, 8
Daysy, 6
Makenna, 381
Brandi, 65
Frida, 71
Breanna, 1590
Cambree, 8
Bryan, 2823
Nishat, 7
Shalyn, 8
Brennan, 256
Anish, 21
Javon, 71
Teresita, 6
Kalil, 14
Dalaney, 6
Hallee, 5
Amin, 23
Johnmichael, 19
Gage, 832
Tyreek, 46
Alvaro, 171
Brycen, 13
Danny, 379
Jissel, 11
Lacy, 29
Arleth, 26
Cameryn, 36
Marlon, 129
Yuliana, 52
Haille, 5
Jessika, 7
Dalila, 56
Brina, 13
Kasey, 82
Nisha, 19
Shakeem, 5
Dayona, 6
Jada, 1192
Heidy, 43
Benancio, 5
Kourtney, 37
Oscar, 1881
Iban, 7
Jeremiah, 1021
Raphael, 46
Jaelon, 12
Izaiah, 80
Carlos, 4376
Lars, 14
